{"version":"3.0.0","name":"Haifa2014 1","description":"","startDate":"2023-05-31T10:26:50.879Z","endDate":"2023-05-31T10:26:50.879Z","trialTypes":[{"name":"Measurements","trials":[{"name":"Measurement","createdDate":"2023-07-03T07:27:50.328Z","devicesOnTrial":[{"deviceTypeName":"Sonic","deviceItemName":"sonic01","location":{"name":"OSMMap","coordinates":[32.7894833333,35.0406166667]},"attributes":[{"name":"height","value":"9"},{"name":"stationName","value":"Check_Post"}]},{"deviceTypeName":"Sonic","deviceItemName":"sonic02","location":{"name":"OSMMap","coordinates":[32.7977,34.9738166667]},"attributes":[{"name":"stationName","value":"Gan-Margalit"},{"name":"height","value":"6"}]},{"deviceTypeName":"Sonic","deviceItemName":"sonic03","location":{"name":"OSMMap","coordinates":[32.7977,34.9738166667]},"attributes":[{"name":"stationName","value":"Gan-Margalit"},{"name":"height","value":"16"}]},{"deviceTypeName":"Sonic","deviceItemName":"sonic04","location":{"name":"OSMMap","coordinates":[32.82525,34.9692666667]},"attributes":[{"name":"stationName","value":"Gordon"},{"name":"height","value":"6"}]},{"deviceTypeName":"Sonic","deviceItemName":"sonic05","location":{"name":"OSMMap","coordinates":[32.82525,34.9692666667]},"attributes":[{"name":"stationName","value":"Gordon"},{"name":"height","value":"16"}]},{"deviceTypeName":"Sonic","deviceItemName":"sonic06","location":{"name":"OSMMap","coordinates":[32.78995,35.0071833333]},"attributes":[{"name":"stationName","value":"Grand_Canyon"},{"name":"height","value":"9"}]},{"deviceTypeName":"TRH","deviceItemName":"TRH01","location":{"name":"OSMMap","coordinates":[32.7894833333,35.0406166667]},"attributes":[{"name":"stationName","value":"Check_Post"},{"name":"height","value":"9"}]},{"deviceTypeName":"TRH","deviceItemName":"TRH03","location":{"name":"OSMMap","coordinates":[32.7977,34.9738166667]},"attributes":[{"name":"stationName","value":"Gan-Margalit"},{"name":"height","value":"16"}]},{"deviceTypeName":"TRH","deviceItemName":"TRH02","location":{"name":"OSMMap","coordinates":[32.7977,34.9738166667]},"attributes":[{"name":"stationName","value":"Gan-Margalit"},{"name":"height","value":"6"}]},{"deviceTypeName":"TRH","deviceItemName":"TRH04","location":{"name":"OSMMap","coordinates":[32.82525,34.9692666667]},"attributes":[{"name":"stationName","value":"Gordon"},{"name":"height","value":"6"}]},{"deviceTypeName":"TRH","deviceItemName":"TRH05","location":{"name":"OSMMap","coordinates":[32.82525,34.9692666667]},"attributes":[{"name":"stationName","value":"Gordon"},{"name":"height","value":"16"}]},{"deviceTypeName":"TRH","deviceItemName":"TRH06","location":{"name":"OSMMap","coordinates":[32.78995,35.0071833333]},"attributes":[{"name":"stationName","value":"Grand_Canyon"},{"name":"height","value":"9"}]},{"deviceTypeName":"Sonic","deviceItemName":"sonic07","location":{"name":"OSMMap","coordinates":[32.7862666667,34.9859166667]},"attributes":[{"name":"stationName","value":"Horev_7"},{"name":"height","value":"6"}]},{"deviceTypeName":"Sonic","deviceItemName":"sonic08","location":{"name":"OSMMap","coordinates":[32.7862666667,34.9859166667]},"attributes":[{"name":"stationName","value":"Horev_7"},{"name":"height","value":"16"}]},{"deviceTypeName":"TRH","deviceItemName":"TRH07","location":{"name":"OSMMap","coordinates":[32.7862666667,34.9859166667]},"attributes":[{"name":"stationName","value":"Horev_7"},{"name":"height","value":"6"}]},{"deviceTypeName":"TRH","deviceItemName":"TRH08","location":{"name":"OSMMap","coordinates":[32.7862666667,34.9859166667]},"attributes":[{"name":"stationName","value":"Horev_7"},{"name":"height","value":"16"}]},{"deviceTypeName":"TRH","deviceItemName":"TRH09","location":{"name":"OSMMap","coordinates":[32.8011333333,34.9915833333]},"attributes":[{"name":"stationName","value":"Hugim"},{"name":"height","value":"6"}]},{"deviceTypeName":"TRH","deviceItemName":"TRH10","location":{"name":"OSMMap","coordinates":[32.8011333333,34.9915833333]},"attributes":[{"name":"stationName","value":"Hugim"},{"name":"height","value":"16"}]},{"deviceTypeName":"Sonic","deviceItemName":"sonic09","location":{"name":"OSMMap","coordinates":[32.8011333333,34.9915833333]},"attributes":[{"name":"stationName","value":"Hugim"},{"name":"height","value":"6"}]},{"deviceTypeName":"Sonic","deviceItemName":"sonic10","location":{"name":"OSMMap","coordinates":[32.8011333333,34.9915833333]},"attributes":[{"name":"stationName","value":"Hugim"},{"name":"height","value":"16"}]},{"deviceTypeName":"Sonic","deviceItemName":"sonic11","location":{"name":"OSMMap","coordinates":[32.83925,35.083]},"attributes":[{"name":"stationName","value":"K_Motskin"},{"name":"height","value":"9"}]},{"deviceTypeName":"TRH","deviceItemName":"TRH11","location":{"name":"OSMMap","coordinates":[32.83925,35.083]},"attributes":[{"name":"stationName","value":"K_Motskin"},{"name":"height","value":"9"}]},{"deviceTypeName":"TRH","deviceItemName":"TRH12","location":{"name":"OSMMap","coordinates":[32.8174666667,32.8174666667]},"attributes":[{"name":"stationName","value":"Michlala"},{"name":"height","value":"9"}]},{"deviceTypeName":"Sonic","deviceItemName":"sonic12","location":{"name":"OSMMap","coordinates":[32.8174666667,32.8174666667]},"attributes":[{"name":"stationName","value":"Michlala"},{"name":"height","value":"9"}]},{"deviceTypeName":"Sonic","deviceItemName":"sonic13","location":{"name":"OSMMap","coordinates":[32.7794833333,34.9964]},"attributes":[{"name":"stationName","value":"Reali"},{"name":"height","value":"9"}]},{"deviceTypeName":"TRH","deviceItemName":"TRH13","location":{"name":"OSMMap","coordinates":[32.7794833333,34.9964]},"attributes":[{"name":"stationName","value":"Reali"},{"name":"height","value":"9"}]},{"deviceTypeName":"TRH","deviceItemName":"TRH14","location":{"name":"OSMMap","coordinates":[32.8035666667,35.0070833333]},"attributes":[{"name":"stationName","value":"SharaiTora"},{"name":"height","value":"6"}]},{"deviceTypeName":"TRH","deviceItemName":"TRH15","location":{"name":"OSMMap","coordinates":[32.8035666667,35.0070833333]},"attributes":[{"name":"stationName","value":"SharaiTora"},{"name":"height","value":"16"}]},{"deviceTypeName":"Sonic","deviceItemName":"sonic14","location":{"name":"OSMMap","coordinates":[32.8035666667,35.0070833333]},"attributes":[{"name":"stationName","value":"SharaiTora"},{"name":"height","value":"6"}]},{"deviceTypeName":"Sonic","deviceItemName":"sonic15","location":{"name":"OSMMap","coordinates":[32.8035666667,35.0070833333]},"attributes":[{"name":"stationName","value":"SharaiTora"},{"name":"height","value":"16"}]},{"deviceTypeName":"Sonic","deviceItemName":"sonic16","location":{"name":"OSMMap","coordinates":[32.7873666667,35.0215]},"attributes":[{"name":"stationName","value":"Tel-Hai"},{"name":"height","value":"6"}]},{"deviceTypeName":"Sonic","deviceItemName":"sonic17","location":{"name":"OSMMap","coordinates":[32.7873666667,35.0215]},"attributes":[{"name":"stationName","value":"Tel-Hai"},{"name":"height","value":"16"}]},{"deviceTypeName":"TRH","deviceItemName":"TRH16","location":{"name":"OSMMap","coordinates":[32.7873666667,35.0215]},"attributes":[{"name":"stationName","value":"Tel-Hai"},{"name":"height","value":"6"}]},{"deviceTypeName":"TRH","deviceItemName":"TRH17","location":{"name":"OSMMap","coordinates":[32.7873666667,35.0215]},"attributes":[{"name":"stationName","value":"Tel-Hai"},{"name":"height","value":"16"}]},{"deviceTypeName":"TRH","deviceItemName":"TRH18","location":{"name":"OSMMap","coordinates":[32.8262166667,34.95675]},"attributes":[{"name":"stationName","value":"Yamim"},{"name":"height","value":"9"}]},{"deviceTypeName":"Sonic","deviceItemName":"sonic18","location":{"name":"OSMMap","coordinates":[32.8262166667,34.95675]},"attributes":[{"name":"stationName","value":"Yamim"},{"name":"height","value":"9"}]}],"attributes":[]}],"attributeTypes":[]}],"deviceTypes":[{"name":"Sonic","devices":[{"name":"sonic01","attributes":[]},{"name":"sonic07","attributes":[]},{"name":"sonic04","attributes":[]},{"name":"sonic02","attributes":[]},{"name":"sonic05","attributes":[]},{"name":"sonic09","attributes":[]},{"name":"sonic06","attributes":[]},{"name":"sonic03","attributes":[]},{"name":"sonic08","attributes":[]},{"name":"sonic11","attributes":[]},{"name":"sonic13","attributes":[]},{"name":"sonic10","attributes":[]},{"name":"sonic12","attributes":[]},{"name":"sonic16","attributes":[]},{"name":"sonic15","attributes":[]},{"name":"sonic14","attributes":[]},{"name":"sonic19","attributes":[]},{"name":"sonic17","attributes":[]},{"name":"sonic18","attributes":[]},{"name":"sonic20","attributes":[]}],"attributeTypes":[{"name":"stationName","required":false,"defaultValue":null,"type":"String"},{"name":"height","required":false,"defaultValue":null,"type":"Number"}]},{"name":"TRH","devices":[{"name":"TRH03","attributes":[]},{"name":"TRH02","attributes":[]},{"name":"TRH08","attributes":[]},{"name":"TRH04","attributes":[]},{"name":"TRH19","attributes":[]},{"name":"TRH01","attributes":[]},{"name":"TRH05","attributes":[]},{"name":"TRH10","attributes":[]},{"name":"TRH13","attributes":[]},{"name":"TRH17","attributes":[]},{"name":"TRH07","attributes":[]},{"name":"TRH20","attributes":[]},{"name":"TRH12","attributes":[]},{"name":"TRH06","attributes":[]},{"name":"TRH18","attributes":[]},{"name":"TRH16","attributes":[]},{"name":"TRH14","attributes":[]},{"name":"TRH09","attributes":[]},{"name":"TRH15","attributes":[]},{"name":"TRH11","attributes":[]}],"attributeTypes":[{"name":"stationName","required":false,"defaultValue":null,"type":"String"},{"name":"height","required":false,"defaultValue":null,"type":"Number"}]},{"name":"Station","devices":[{"name":"Check_Post","attributes":[{"name":"buildingHeight","value":"10"},{"name":"averagedHeight","value":"12"}]},{"name":"Gan-Margalit","attributes":[{"name":"buildingHeight","value":"6"},{"name":"averagedHeight","value":"12"}]},{"name":"Gordon","attributes":[{"name":"buildingHeight","value":"14"},{"name":"averagedHeight","value":"15"}]},{"name":"Grand_Canyon","attributes":[{"name":"buildingHeight","value":"10"},{"name":"averagedHeight","value":"10"}]},{"name":"Horev_7","attributes":[{"name":"buildingHeight","value":"10"},{"name":"averagedHeight","value":"12"}]},{"name":"Hugim","attributes":[{"name":"buildingHeight","value":"12"},{"name":"averagedHeight","value":"10"}]},{"name":"K_Motskin","attributes":[{"name":"buildingHeight","value":"10"},{"name":"averagedHeight","value":"12"}]},{"name":"Michlala","attributes":[{"name":"buildingHeight","value":"10"},{"name":"averagedHeight","value":"10"}]},{"name":"Reali","attributes":[{"name":"buildingHeight","value":"10"},{"name":"averagedHeight","value":"10"}]},{"name":"SharaiTora","attributes":[{"name":"buildingHeight","value":"9"},{"name":"averagedHeight","value":"15"}]},{"name":"Tel-Hai","attributes":[{"name":"buildingHeight","value":"12"},{"name":"averagedHeight","value":"12"}]},{"name":"Yamim","attributes":[{"name":"buildingHeight","value":"12"},{"name":"averagedHeight","value":"0"}]}],"attributeTypes":[{"name":"buildingHeight","required":false,"defaultValue":null,"type":"Number"},{"name":"averagedHeight","required":false,"defaultValue":null,"type":"Number"}]}],"imageEmbedded":[],"imageStandalone":[]}