{"version":"3.0.0","name":"exp groups","startDate":"2024-10-28T23:00:00.000Z","endDate":"2024-11-04T23:00:00.000Z","description":"","trialTypes":[{"name":"New Trial Type","attributeTypes":[{"type":"Date","name":"TrialStart"},{"type":"Date","name":"TrialEnd"}],"trials":[{"name":"New Trial","createdDate":"2024-10-29T11:00:00.000Z","devicesOnTrial":[{"deviceTypeName":"New Device Type","deviceItemName":"New Device","location":{"name":"OSMMap","coordinates":[32.10791824016803,34.96478348648086]},"attributes":[{"name":"one","value":"1"},{"name":"two","value":"3"}]},{"deviceTypeName":"New Device Type","deviceItemName":"New Device 1","location":{"name":"OSMMap","coordinates":[32.0817508079567,34.94246098424427]},"containedIn":{"deviceItemName":"New Device","deviceTypeName":"New Device Type"},"attributes":[{"name":"two","value":"2"}]}]}]}],"deviceTypes":[{"name":"New Device Type","attributeTypes":[{"type":"Boolean","name":"StoreDataPerDevice","defaultValue":false,"scope":"Constant"},{"name":"one","type":"String"},{"name":"two","type":"String"}],"devices":[{"name":"New Device"},{"name":"New Device 1"}]}]}