{"version":"3.0.0","name":"New Experiment","startDate":"2024-09-02T22:00:00.000Z","endDate":"2024-09-09T22:00:00.000Z","description":"","trialTypes":[{"name":"New Trial Type","attributeTypes":[{"type":"Date","name":"TrialStart"},{"type":"Date","name":"TrialEnd"}],"trials":[{"name":"New Trial","createdDate":"2024-09-03T10:00:00.000Z"},{"name":"New Trial 1","createdDate":"2024-09-03T10:00:00.000Z"},{"name":"New Trial 1 cloned","createdDate":"2024-09-06T10:00:00.000Z"}]},{"name":"New Trial Type 1","attributeTypes":[{"type":"Date","name":"TrialStart"},{"type":"Date","name":"TrialEnd"}]}],"deviceTypes":[{"name":"New Device Type","attributeTypes":[{"type":"Boolean","name":"StoreDataPerDevice","defaultValue":false,"scope":"Constant"}]},{"name":"New Device Type 1","attributeTypes":[{"type":"Boolean","name":"StoreDataPerDevice","defaultValue":false,"scope":"Constant"}]},{"name":"New Device Type 2","attributeTypes":[{"type":"Boolean","name":"StoreDataPerDevice","defaultValue":false,"scope":"Constant"}]},{"name":"New Device Type 3","attributeTypes":[{"type":"Boolean","name":"StoreDataPerDevice","defaultValue":false,"scope":"Constant"}]}],"shapes":[{"type":"Circle","center":[32.03951245042539,35.00793457031251],"radius":8905.864719056575,"name":"Shape 3"},{"type":"Polygon","coordinates":[[31.79472243129337,34.42565917968751],[31.48957771850194,34.55474853515626],[31.70947636001935,34.71130371093751],[31.828565514766165,34.80468750000001],[31.762034588003683,34.86373901367188],[31.79355520727145,35.03814697265626],[31.91253608005052,34.85412597656251],[32.10118973232094,34.70855712890626],[31.977793589351563,34.59457397460938],[31.89621446335144,34.59594726562501]],"name":"Shape 2"},{"name":"New Shape","type":"Circle"}]}